Temp (C), VRMS (V)
180, 0.016837
180, 0.017361
181, 0.026753
182, 0.028335
183, 0.033887
184, 0.032622
185, 0.037609
186, 0.030249
187, 0.025123
188, 0.027025
189, 0.032749
190, 0.053270
191, 0.064627
192, 0.071256
193, 0.055113
194, 0.035124
195, 0.060043
196, 0.007186